Date,Price,Open,High,Low,Vol.,Change %
9/30/2024,67.77,68.08,68.83,67.14,189.29K,0.15%
9/27/2024,67.67,66.95,68.13,66.58,169.90K,0.71%
9/26/2024,67.19,69.3,69.47,66.49,274.69K,-2.81%
9/25/2024,69.13,70.84,71.04,68.69,272.17K,-2.41%
9/24/2024,70.84,69.96,71.6,69.69,167.02K,1.77%
9/23/2024,69.61,70.43,70.94,68.73,185.35K,-1.96%
9/20/2024,71,71.18,71.45,70.37,307.00K,-0.22%
9/19/2024,71.16,69.15,71.53,69.13,354.93K,1.83%
9/18/2024,69.88,69.98,70.31,68.58,367.19K,-0.11%
9/17/2024,69.96,69.35,70.65,68.51,289.93K,1.36%
9/16/2024,69.02,68.22,69.61,67.7,235.88K,1.87%
9/13/2024,67.75,68.35,69.35,67.58,230.30K,-0.59%
9/12/2024,68.15,66.68,68.93,66.55,221.59K,2.33%
9/11/2024,66.6,65.73,67.14,64.99,237.20K,2.24%
9/10/2024,65.14,67.97,68.3,64.61,257.97K,-4.08%
9/9/2024,67.91,67.42,68.14,66.61,163.36K,1.39%
9/6/2024,66.98,68.66,69.41,66.51,165.62K,-2.22%
9/5/2024,68.5,68.52,70.01,68.13,210.22K,-0.03%
9/4/2024,68.52,69.54,70.61,68.16,235.03K,-1.54%
9/3/2024,69.59,72.64,73.35,69.37,231.78K,-5.68%
9/2/2024,73.78,73,74.39,72.89,,1.10%
9/1/2024,72.98,73.33,73.42,72.97,,0.45%
8/30/2024,72.65,74.69,75.31,72.46,210.33K,-2.71%
8/29/2024,74.67,73.31,75.51,72.92,224.37K,1.67%
8/28/2024,73.44,74.71,74.88,72.92,131.59K,-1.37%
8/27/2024,74.46,75.93,76.21,74.34,154.88K,-2.24%
8/26/2024,76.17,74.13,76.4,74.08,209.30K,3.03%
8/23/2024,73.93,72.21,74.17,72.12,131.32K,2.28%
8/22/2024,72.28,71.36,72.77,71,143.77K,1.37%
8/21/2024,71.3,72.42,73.39,70.88,178.98K,-2.56%
8/20/2024,73.17,73.74,74.38,72.54,329.28K,-0.67%
8/19/2024,73.66,75.47,75.73,73.45,422.10K,-2.49%
8/16/2024,75.54,76.81,76.98,74.52,317.68K,-1.88%
8/15/2024,76.99,76.07,77.38,75.7,237.54K,1.52%
8/14/2024,75.84,77.1,77.52,75.66,344.94K,-1.25%
8/13/2024,76.8,78.09,78.43,76.65,283.20K,-2.12%
8/12/2024,78.46,75.62,78.54,75.44,244.98K,3.77%
8/9/2024,75.61,74.86,75.79,74.7,143.83K,0.76%
8/8/2024,75.04,74.37,75.27,73.53,205.55K,1.17%
8/7/2024,74.17,72,74.73,71.75,215.90K,2.53%
8/6/2024,72.34,73.14,73.77,71.46,175.21K,0.19%
8/5/2024,72.2,73.26,73.53,70.88,228.05K,-0.54%
8/2/2024,72.59,75.89,76.3,72.12,216.86K,-3.73%
8/1/2024,75.4,77.47,77.72,75.32,182.47K,-1.87%
7/31/2024,76.84,74.37,77.54,74.27,239.72K,4.01%
7/30/2024,73.88,74.87,74.92,73.73,229.37K,-1.23%
7/29/2024,74.8,76.02,76.52,74.34,178.81K,-1.58%
7/26/2024,76,77.18,77.41,75.08,161.41K,-1.44%
7/25/2024,77.11,76.43,77.28,75.05,224.03K,0.69%
7/24/2024,76.58,76.35,77.08,75.93,184.20K,0.87%
7/23/2024,75.92,77.15,77.63,75.45,191.99K,-3.16%
7/22/2024,78.4,78.95,79.13,77.55,345.24K,-0.31%
7/19/2024,78.64,80.88,81.34,78.59,427.06K,-3.27%
7/18/2024,81.3,81.68,82.27,80.61,398.37K,-0.17%
7/17/2024,81.44,79.82,81.63,79.43,419.58K,2.17%
7/16/2024,79.71,80.85,80.87,79.22,272.20K,-1.40%
7/15/2024,80.84,80.96,81.35,80.36,216.42K,-0.22%
7/12/2024,81.02,81.55,82.29,80.91,276.67K,-0.44%
7/11/2024,81.38,81.35,81.83,80.6,205.10K,0.38%
7/10/2024,81.07,80.92,81.6,79.95,193.21K,0.63%
7/9/2024,80.56,81.45,81.65,80.42,166.79K,-1.18%
7/8/2024,81.52,82.36,82.5,81.29,143.02K,-0.90%
7/5/2024,82.26,82.75,83.58,82.19,168.80K,-2.00%
7/4/2024,83.94,83.61,84.2,83.03,,1.11%
7/3/2024,83.02,82.25,83.07,81.59,156.73K,1.36%
7/2/2024,81.91,82.39,83.22,81.83,225.17K,-0.50%
7/1/2024,82.32,80.56,82.58,80.49,214.49K,2.08%
6/28/2024,80.64,80.96,81.78,80.15,110.62K,-0.24%
6/27/2024,80.83,80.14,81.21,79.81,158.90K,0.80%
6/26/2024,80.19,79.97,80.85,79.5,147.98K,0.15%
6/25/2024,80.07,80.97,81.12,79.8,173.57K,-0.98%
6/24/2024,80.86,79.77,80.99,79.52,158.61K,1.13%
6/21/2024,79.96,80.44,80.94,79.59,163.22K,-1.64%
6/20/2024,81.29,80.75,81.52,80.3,420.50K,0.87%
6/19/2024,80.59,80.78,81.16,80.31,,-0.15%
6/18/2024,80.71,79.92,80.85,79.17,485.71K,1.24%
6/17/2024,79.72,78.12,80.01,77.58,402.74K,2.14%
6/14/2024,78.05,77.65,78.8,77.42,316.38K,-0.27%
6/13/2024,78.26,78.01,78.54,77.35,301.73K,0.14%
6/12/2024,78.15,77.8,78.94,77.56,209.18K,0.77%
6/11/2024,77.55,77.65,77.99,76.86,202.57K,0.28%
6/10/2024,77.33,74.97,77.85,74.94,181.84K,2.81%
6/7/2024,75.22,75.38,75.9,74.93,139.59K,-0.03%
6/6/2024,75.24,74.03,75.47,73.82,145.06K,1.92%
6/5/2024,73.82,72.72,74.07,72.69,159.60K,1.04%
6/4/2024,73.06,73.89,73.99,72.44,209.68K,-1.39%
6/3/2024,74.09,76.73,77.23,73.84,219.93K,-3.44%
5/31/2024,76.73,77.5,78.27,76.37,157.56K,-1.04%
5/30/2024,77.54,78.87,78.97,77.3,176.67K,-1.60%
5/29/2024,78.8,79.78,80.11,78.57,123.48K,-0.69%
5/28/2024,79.35,77.36,79.79,77.24,121.48K,0.89%
5/27/2024,78.65,77.84,78.8,77.75,,1.84%
5/24/2024,77.23,76.62,77.55,75.75,139.52K,1.01%
5/23/2024,76.46,76.9,78.21,76.03,125.72K,-0.89%
5/22/2024,77.15,77.9,78.03,76.85,139.45K,-1.92%
5/21/2024,78.66,79.23,79.3,77.65,371.67K,-0.81%
5/20/2024,79.3,79.58,80.11,78.67,342.09K,-0.35%
5/17/2024,79.58,78.92,79.66,78.58,321.03K,1.07%
5/16/2024,78.74,78.36,79.3,77.75,277.25K,0.74%
5/15/2024,78.16,78.03,78.43,76.36,299.56K,0.66%
5/14/2024,77.65,78.72,78.86,77.26,259.53K,-1.21%
5/13/2024,78.6,77.76,78.99,77.35,200.28K,0.98%
5/10/2024,77.84,79.11,79.47,77.73,164.35K,-1.22%
5/9/2024,78.8,78.79,79.32,78.46,184.46K,0.31%
5/8/2024,78.56,77.96,78.8,76.63,228.44K,0.64%
5/7/2024,78.06,78.39,78.8,77.29,192.57K,-0.10%
5/6/2024,78.14,77.88,78.68,77.56,152.59K,0.49%
5/3/2024,77.76,78.61,79.17,77.62,217.26K,-0.92%
5/2/2024,78.48,78.6,79.34,77.91,174.67K,0.05%
5/1/2024,78.44,80.86,80.9,78.28,235.28K,-3.49%
4/30/2024,81.28,82.16,82.65,80.34,233.66K,-0.91%
4/29/2024,82.03,82.99,83.19,81.81,170.81K,-1.32%
4/26/2024,83.13,82.97,83.63,82.59,98.78K,0.46%
4/25/2024,82.75,82.09,83,81.27,132.56K,0.80%
4/24/2024,82.09,82.6,82.9,81.71,142.45K,-0.57%
4/23/2024,82.56,81.43,82.62,80.25,172.23K,0.81%
4/22/2024,81.9,81.84,82.29,80.7,313.91K,-0.39%
4/19/2024,82.22,81.99,85.64,81.13,556.46K,0.15%
4/18/2024,82.1,82.28,82.84,81.06,366.75K,-0.06%
4/17/2024,82.15,84.82,84.97,82.01,387.63K,-3.16%
4/16/2024,84.83,85.16,85.6,84.22,217.44K,-0.04%
4/15/2024,84.86,84.99,85.5,83.49,253.34K,-0.26%
4/12/2024,85.08,85,86.97,84.67,245.33K,0.75%
4/11/2024,84.45,85.6,85.89,84.25,249.97K,-1.16%
4/10/2024,85.44,84.57,85.6,83.86,233.96K,1.16%
4/9/2024,84.46,85.69,86.07,84.29,198.56K,-1.25%
4/8/2024,85.53,85.19,86.21,83.93,207.99K,-0.66%
4/5/2024,86.1,85.98,86.83,85.62,211.84K,0.34%
4/4/2024,85.81,84.82,86.41,83.94,218.70K,1.42%
4/3/2024,84.61,84.54,85.27,83.99,190.90K,0.46%
4/2/2024,84.22,83.14,84.56,82.96,197.83K,1.69%
4/1/2024,82.82,82.36,83.46,81.84,199.89K,0.49%
3/28/2024,82.42,81.11,82.46,80.91,148.49K,2.03%
3/27/2024,80.78,80.71,81.12,79.99,109.07K,-0.32%
3/26/2024,81.04,81.44,81.77,80.63,118.75K,-0.42%
3/25/2024,81.38,80.4,81.84,80.13,153.14K,1.51%
3/22/2024,80.17,80.39,80.97,79.99,103.44K,-0.58%
3/21/2024,80.64,81,81.38,79.91,115.75K,-0.78%
3/20/2024,81.27,82.53,82.65,80.83,351.16K,-1.76%
3/19/2024,82.73,82.21,83.12,81.81,341.70K,0.69%
3/18/2024,82.16,80.58,82.5,80.56,323.92K,1.96%
3/15/2024,80.58,80.58,80.89,80.01,215.80K,-0.20%
3/14/2024,80.74,79.24,81.03,79.15,248.80K,1.82%
3/13/2024,79.3,77.72,79.46,77.31,209.24K,2.65%
3/12/2024,77.25,77.71,78.31,77.01,178.80K,-0.36%
3/11/2024,77.53,77.24,78.03,76.43,175.74K,0.04%
3/8/2024,77.5,78.77,79.29,77.05,175.73K,-1.05%
3/7/2024,78.32,78.41,78.89,77.47,215.58K,-0.11%
3/6/2024,78.41,77.44,79.69,77.25,200.04K,1.29%
3/5/2024,77.41,78.19,78.64,77.05,220.43K,-0.97%
3/4/2024,78.17,79.24,79.53,77.93,154.86K,-1.16%
3/1/2024,79.09,77.49,79.87,77.3,175.93K,2.12%
2/29/2024,77.45,77.5,78.35,77.2,154.80K,-0.49%
2/28/2024,77.83,77.88,78.83,77.17,142.99K,-0.51%
2/27/2024,78.23,77.11,78.33,76.67,98.88K,1.48%
2/26/2024,77.09,76.04,77.55,75.5,117.05K,1.33%
2/23/2024,76.08,77.71,77.74,75.89,134.05K,-2.37%
2/22/2024,77.93,77.46,78.17,76.62,145.39K,0.80%
2/21/2024,77.31,76.74,77.45,75.95,133.71K,0.35%
2/20/2024,77.04,78.34,78.56,76.8,435.24K,-1.37%
2/19/2024,78.11,78.16,78.56,77.64,,-0.45%
2/16/2024,78.46,77.63,78.52,76.69,451.36K,1.12%
2/15/2024,77.59,76.33,78.07,75.52,342.33K,1.61%
2/14/2024,76.36,77.48,78.43,76.12,276.33K,-1.55%
2/13/2024,77.56,76.9,78.1,76.77,253.50K,0.96%
2/12/2024,76.82,76.54,77,75.49,169.64K,0.07%
2/9/2024,76.77,76.32,77.17,75.88,172.00K,0.76%
2/8/2024,76.19,74.12,76.49,73.65,229.89K,3.08%
2/7/2024,73.91,73.53,74.25,73.29,133.42K,0.74%
2/6/2024,73.37,72.81,73.88,72.48,123.62K,0.71%
2/5/2024,72.85,72.7,73.3,71.49,151.30K,0.76%
2/2/2024,72.3,73.9,74.46,71.84,216.06K,-2.02%
2/1/2024,73.79,75.54,76.75,73.68,238.84K,-2.54%
1/31/2024,75.71,77.66,77.91,75.38,104.94K,-2.50%
1/30/2024,77.65,76.75,77.95,75.73,118.71K,1.28%
1/29/2024,76.67,78.72,79.09,76.3,103.54K,-1.53%
1/26/2024,77.86,77.1,78.09,75.92,135.88K,0.87%
1/25/2024,77.19,75.3,77.32,75.05,89.28K,2.95%
1/24/2024,74.98,74.47,75.7,73.85,100.36K,0.96%
1/23/2024,74.27,74.62,75.1,73.35,107.72K,-0.66%
1/22/2024,74.76,73.6,75.46,72.56,372.28K,2.06%
1/19/2024,73.25,73.92,74.63,72.99,360.03K,-0.95%
1/18/2024,73.95,72.73,74.19,72.1,396.28K,2.03%
1/17/2024,72.48,72.11,72.86,70.62,348.48K,-0.06%
1/16/2024,72.52,72.73,73.68,71.39,312.94K,-0.37%
1/15/2024,72.79,72.69,73.09,71.41,,0.00%
1/12/2024,72.79,73.16,75.28,72.48,244.20K,0.97%
1/11/2024,72.09,71.35,73.81,71.24,240.34K,0.91%
1/10/2024,71.44,72.2,73.55,71.09,198.04K,-1.18%
1/9/2024,72.29,70.92,72.99,70.63,204.37K,1.93%
1/8/2024,70.92,73.6,73.98,70.25,193.27K,-3.98%
1/5/2024,73.86,72.51,74.3,72.35,164.95K,2.07%
1/4/2024,72.36,73.2,74.12,71.24,144.60K,-0.73%
1/3/2024,72.89,70.77,73.36,69.56,129.06K,3.21%
1/2/2024,70.62,71.9,73.8,70.32,108.52K,-1.88%
1/1/2024,71.97,71.67,72.24,71.67,,0.18%
12/29/2023,71.84,72.15,72.8,71.47,63.48K,-0.18%
12/28/2023,71.97,74.04,74.62,71.92,94.29K,-3.19%
12/27/2023,74.34,75.57,75.81,74.01,80.38K,-1.81%
12/26/2023,75.71,73.74,76.31,73.32,56.76K,2.60%
12/25/2023,73.79,73.49,73.94,73.48,,0.08%
12/22/2023,73.73,74.07,75.11,73.55,76.79K,-0.45%
12/21/2023,74.06,73.99,74.78,72.65,81.11K,-0.52%
12/20/2023,74.45,74.31,75.56,73.87,98.97K,0.69%
12/19/2023,73.94,72.93,74.45,72.14,230.04K,1.54%
12/18/2023,72.82,72.05,74.61,70.99,354.89K,1.45%
12/15/2023,71.78,71.91,72.56,70.64,262.87K,-0.18%
12/14/2023,71.91,70.08,72.73,69.82,224.16K,3.14%
12/13/2023,69.72,68.99,70.15,67.98,185.24K,1.26%
12/12/2023,68.85,71.67,72.2,68.49,189.45K,-3.79%
12/11/2023,71.56,71.36,72.03,70.61,119.85K,0.17%
12/8/2023,71.44,70,71.81,69.75,124.73K,2.66%
12/7/2023,69.59,69.57,70.7,69.08,144.37K,-0.09%
12/6/2023,69.65,72.33,72.84,69.39,183.91K,-3.97%
12/5/2023,72.53,73.59,74.34,72.24,142.71K,-1.08%
12/4/2023,73.32,74.76,75.2,72.87,158.42K,-1.25%
12/1/2023,74.25,75.71,76.81,74.13,127.63K,-2.37%
11/30/2023,76.05,77.79,79.67,75.16,209.44K,-2.49%
11/29/2023,77.99,76.67,78.18,75.87,112.41K,1.83%
11/28/2023,76.59,75.32,77.13,74.88,121.44K,2.00%
11/27/2023,75.09,75.57,76.42,74.35,84.35K,-0.90%
11/24/2023,75.77,76.94,77.25,75.32,74.98K,-0.75%
11/23/2023,76.34,76.69,76.81,75.31,,-1.18%
11/22/2023,77.25,77.92,78.11,73.98,99.86K,-0.86%
11/21/2023,77.92,77.69,78.04,77.04,69.05K,0.12%
11/20/2023,77.83,75.8,78.46,75.41,270.64K,2.35%
11/17/2023,76.04,73.11,76.19,72.91,368.48K,4.04%
11/16/2023,73.09,76.71,76.8,72.37,428.82K,-4.82%
11/15/2023,76.79,78.1,78.69,76.45,253.17K,-1.77%
11/14/2023,78.17,78.48,79.65,77.73,166.18K,-0.03%
11/13/2023,78.19,77.18,78.54,76.19,157.42K,1.35%
11/10/2023,77.15,75.65,77.71,75.36,159.39K,1.85%
11/9/2023,75.75,75.63,77.12,75.18,172.86K,0.58%
11/8/2023,75.31,77.03,77.43,74.92,219.20K,-2.46%
11/7/2023,77.21,80.69,80.79,76.99,198.96K,-4.21%
11/6/2023,80.6,80.76,81.9,80.33,131.58K,0.46%
11/3/2023,80.23,82.25,83.2,79.84,213.05K,-2.35%
11/2/2023,82.16,80.44,82.44,80.01,158.21K,2.57%
11/1/2023,80.1,80.98,82.82,79.96,160.14K,-0.50%
10/31/2023,80.5,81.96,82.77,80.26,135.89K,-1.44%
10/30/2023,81.68,84.25,84.39,81.16,119.75K,-3.57%
10/27/2023,84.7,82.88,85,82.41,101.15K,2.62%
10/26/2023,82.54,84.58,84.85,81.97,107.55K,-2.54%
10/25/2023,84.69,82.99,84.85,81.44,141.32K,2.07%
10/24/2023,82.97,85.05,85.22,82.16,136.15K,-1.72%
10/23/2023,84.42,86.69,87,84.3,101.18K,-4.16%
10/20/2023,88.08,89.09,89.85,87.53,311.92K,-0.33%
10/19/2023,88.37,87.22,89.54,85.44,384.03K,1.26%
10/18/2023,87.27,86.41,88.57,86.25,384.53K,2.14%
10/17/2023,85.44,85.69,86.44,84.39,229.52K,0.21%
10/16/2023,85.26,86.37,86.94,85,205.58K,-1.26%
10/13/2023,86.35,82.27,86.51,82.17,290.38K,5.56%
10/12/2023,81.8,81.84,83.75,81.31,296.21K,-0.33%
10/11/2023,82.07,84.16,84.72,81.63,286.84K,-2.45%
10/10/2023,84.13,84.7,84.94,83.39,246.75K,-0.56%
10/9/2023,84.6,83.2,85.56,82.95,246.68K,4.08%
10/6/2023,81.28,81.05,81.69,80.2,277.71K,0.58%
10/5/2023,80.81,82.85,83.23,80.61,234.18K,-2.11%
10/4/2023,82.55,87.44,87.76,82.5,217.23K,-5.59%
10/3/2023,87.44,87.01,88.25,86.17,204.06K,0.31%
10/2/2023,87.17,88.83,89.89,86.83,161.57K,-1.84%
9/29/2023,88.8,89.7,90.96,88.45,156.93K,-0.88%
9/28/2023,89.59,91.44,92.48,89.31,226.83K,-1.87%
9/27/2023,91.3,88.92,91.73,88.8,293.27K,2.84%
9/26/2023,88.78,88.3,89.09,86.74,137.24K,0.69%
9/25/2023,88.17,88.83,89.07,87.52,161.52K,-0.20%
9/22/2023,88.35,88.27,89.65,87.82,253.89K,0.03%
9/21/2023,88.32,88.07,89.5,87.15,162.03K,-1.49%
9/20/2023,89.66,90.63,91.07,88.97,457.85K,-0.91%
9/19/2023,90.48,90.97,92.43,90.31,537.52K,-0.11%
9/18/2023,90.58,90.41,91.36,89.91,414.19K,0.62%
9/15/2023,90.02,90.07,90.56,88.65,321.84K,0.46%
9/14/2023,89.61,88.19,90.2,88.04,257.68K,1.97%
9/13/2023,87.88,88.07,88.92,87.66,250.86K,-0.32%
9/12/2023,88.16,86.62,88.62,86.58,217.68K,1.73%
9/11/2023,86.66,86.74,87.49,86.12,179.00K,-0.17%
9/8/2023,86.81,86.01,87.2,85.49,125.62K,0.77%
9/7/2023,86.15,86.8,86.99,85.68,111.07K,-0.74%
9/6/2023,86.79,86.02,87.27,85.31,135.35K,0.91%
9/5/2023,86.01,85.19,87.25,84.29,154.05K,0.22%
9/4/2023,85.82,85.85,86.14,85.28,,-0.03%
9/3/2023,85.85,86.06,86.06,85.73,,1.30%
9/1/2023,84.75,82.9,85.19,82.78,169.83K,2.16%
8/31/2023,82.96,81.14,83.02,81,150.23K,2.27%
8/30/2023,81.12,80.78,81.54,80.43,80.26K,0.55%
8/29/2023,80.68,79.55,80.91,78.94,88.15K,1.27%
8/28/2023,79.67,79.69,80.44,79.25,71.33K,0.23%
8/25/2023,79.49,78.49,79.98,77.82,165.22K,1.06%
8/24/2023,78.66,78.3,78.95,77.32,149.90K,0.09%
8/23/2023,78.59,79.35,79.6,77.34,127.19K,-1.32%
8/22/2023,79.64,80.25,80.37,79.46,287.49K,-0.60%
8/21/2023,80.12,80.76,81.75,79.97,361.84K,-0.67%
8/18/2023,80.66,79.58,80.97,79.02,377.45K,0.95%
8/17/2023,79.9,78.91,80.61,78.6,239.17K,1.11%
8/16/2023,79.02,80.74,80.97,78.68,237.71K,-1.84%
8/15/2023,80.5,81.98,82.33,79.95,198.94K,-1.73%
8/14/2023,81.92,82.46,82.51,81.19,126.69K,-0.79%
8/11/2023,82.57,82.33,83.16,81.75,174.30K,0.34%
8/10/2023,82.29,83.51,84.16,82.04,166.86K,-1.67%
8/9/2023,83.69,82.34,83.91,82.11,279.75K,1.61%
8/8/2023,82.36,82.04,82.52,79.52,187.84K,1.07%
8/7/2023,81.49,82.27,82.73,81.08,123.01K,-0.95%
8/4/2023,82.27,81.22,82.66,81.04,108.12K,1.47%
8/3/2023,81.08,79.4,81.4,78.33,150.29K,2.46%
8/2/2023,79.13,81.54,81.95,78.68,135.80K,-2.21%
8/1/2023,80.92,81.25,81.74,80.17,105.36K,-0.49%
7/31/2023,81.32,80.23,81.5,79.72,92.51K,1.42%
7/28/2023,80.18,79.33,80.29,78.67,101.33K,0.69%
7/27/2023,79.63,78.49,80.08,78.47,138.78K,1.57%
7/26/2023,78.4,78.88,79.31,78.17,112.97K,-1.01%
7/25/2023,79.2,78.47,79.46,77.93,122.79K,1.02%
7/24/2023,78.4,76.62,78.89,76.16,109.57K,2.11%
7/21/2023,76.78,75.45,76.98,75.45,106.73K,1.49%
7/20/2023,75.65,75.33,76.15,74.52,340.96K,0.48%
7/19/2023,75.29,75.75,76.87,75.02,385.60K,-0.49%
7/18/2023,75.66,74.08,75.9,73.82,388.37K,2.13%
7/17/2023,74.08,74.88,76,73.78,248.26K,-1.65%
7/14/2023,75.32,77.02,77.11,75.06,204.78K,-1.88%
7/13/2023,76.76,75.64,77.15,75.23,297.92K,1.62%
7/12/2023,75.54,74.7,75.94,74.53,251.40K,1.11%
7/11/2023,74.71,73.13,74.82,72.94,193.29K,2.41%
7/10/2023,72.95,73.76,74.06,72.63,143.74K,-1.11%
7/7/2023,73.77,71.85,73.82,71.22,178.32K,2.76%
7/6/2023,71.79,71.85,72.37,70.28,217.75K,-0.13%
7/5/2023,71.88,70.25,72.25,70.03,214.79K,1.15%
7/4/2023,71.06,70.08,71.34,69.91,,1.64%
7/3/2023,69.91,70.61,71.88,69.82,107.16K,-1.23%
6/30/2023,70.78,69.95,71.17,69.69,136.64K,1.09%
6/29/2023,70.02,69.37,70.73,69.11,106.17K,0.42%
6/28/2023,69.73,68.2,69.9,67.27,159.54K,2.70%
6/27/2023,67.9,69.63,70.29,67.71,170.46K,-2.36%
6/26/2023,69.54,69.93,70.24,68.88,94.21K,0.32%
6/23/2023,69.32,69.66,69.77,67.52,113.92K,-0.45%
6/22/2023,69.63,72.4,72.62,69.07,234.79K,-3.99%
6/21/2023,72.52,70.86,72.69,70.8,97.51K,1.87%
6/20/2023,71.19,71.69,72.38,69.76,430.49K,-0.17%
6/19/2023,71.31,71.47,72.25,70.83,,-0.22%
6/18/2023,71.47,71.59,71.67,71.42,,-0.64%
6/16/2023,71.93,70.81,72.03,70.18,297.84K,1.58%
6/15/2023,70.81,68.92,71.15,68.14,262.83K,3.43%
6/14/2023,68.46,69.51,70.64,68.26,212.22K,-1.61%
6/13/2023,69.58,67.45,69.97,67.31,253.16K,3.40%
6/12/2023,67.29,70.42,70.49,66.96,223.62K,-4.32%
6/9/2023,70.33,71.11,71.93,70.26,160.29K,-1.55%
6/8/2023,71.44,72.57,73.37,69.21,236.21K,-1.65%
6/7/2023,72.64,71.7,73.29,71.14,109.56K,1.10%
6/6/2023,71.85,72.09,72.42,70.29,118.29K,-0.57%
6/5/2023,72.26,75.1,75.7,71.85,148.98K,0.58%
6/2/2023,71.84,70.25,72.24,70.1,110.94K,2.34%
6/1/2023,70.2,67.81,71.14,67.67,135.27K,2.87%
5/31/2023,68.24,69.67,69.81,67.21,157.34K,-1.95%
5/30/2023,69.6,73.22,73.62,69.16,117.50K,-4.49%
5/29/2023,72.87,73.22,73.55,72.05,,-0.48%
5/28/2023,73.22,73.11,73.45,73.06,,0.63%
5/26/2023,72.76,71.99,73.12,71.59,77.58K,1.15%
5/25/2023,71.93,74.18,74.34,71.03,154.73K,-3.18%
5/24/2023,74.29,73.68,74.65,73.09,121.83K,1.98%
5/23/2023,72.85,72,73.72,71.63,92.34K,1.11%
5/22/2023,72.05,71.87,72.53,70.67,263.98K,0.50%
5/19/2023,71.69,72.06,73.58,71.18,312.43K,-0.35%
5/18/2023,71.94,72.82,72.97,71.52,239.92K,-1.30%
5/17/2023,72.89,70.6,73.3,70.05,219.09K,2.89%
5/16/2023,70.84,71.28,71.76,70.44,153.07K,-0.35%
5/15/2023,71.09,70.02,71.67,69.39,159.52K,1.53%
5/12/2023,70.02,71.47,71.74,69.93,115.90K,-1.21%
5/11/2023,70.88,72.54,73.47,70.65,172.29K,-2.26%
5/10/2023,72.52,73.48,73.81,71.78,172.14K,-1.49%
5/9/2023,73.62,72.72,73.69,71.28,135.29K,0.75%
5/8/2023,73.07,71.27,73.56,70.96,125.43K,2.53%
5/5/2023,71.27,68.63,71.72,68.46,115.12K,4.03%
5/4/2023,68.51,68.27,69.76,63.9,160.32K,-0.06%
5/3/2023,68.55,71.43,71.67,67.9,188.01K,-4.19%
5/2/2023,71.55,75.55,75.96,71.32,152.45K,-5.24%
5/1/2023,75.51,76.47,76.49,74.4,64.06K,-1.44%
4/28/2023,76.61,74.71,76.74,73.8,111.02K,2.72%
4/27/2023,74.58,74.3,75.12,73.88,125.42K,0.53%
4/26/2023,74.19,76.93,77.7,73.94,180.08K,-3.49%
4/25/2023,76.87,78.55,78.9,76.33,134.66K,-2.20%
4/24/2023,78.6,77.82,79,76.57,103.04K,1.15%
4/21/2023,77.71,76.85,78.14,76.49,109.19K,0.44%
4/20/2023,77.37,79.03,79.07,76.97,361.41K,-2.36%
4/19/2023,79.24,80.96,81.24,78.53,350.78K,-2.05%
4/18/2023,80.9,81,81.52,79.91,311.78K,0.09%
4/17/2023,80.83,82.42,82.62,80.46,229.97K,-1.94%
4/14/2023,82.43,82.3,82.99,81.64,205.48K,0.48%
4/13/2023,82.04,83.07,83.27,82,155.56K,-1.26%
4/12/2023,83.09,81.38,83.38,81.21,220.62K,1.96%
4/11/2023,81.49,79.87,81.55,79.4,158.75K,2.16%
4/10/2023,79.77,80.5,81.19,79.65,120.66K,-1.13%
4/6/2023,80.68,80.45,80.97,79.69,103.59K,0.06%
4/5/2023,80.63,81.01,81.25,79.75,109.75K,-0.11%
4/4/2023,80.72,80.49,81.81,79.64,148.22K,0.35%
4/3/2023,80.44,80.6,81.77,79.04,287.98K,6.12%
3/31/2023,75.8,74.44,75.83,73.89,125.24K,1.76%
3/30/2023,74.49,73.07,74.72,72.76,99.83K,1.87%
3/29/2023,73.12,73.74,74.48,72.92,133.99K,-0.30%
3/28/2023,73.34,72.93,74.04,72.33,138.51K,0.56%
3/27/2023,72.93,69.75,73.2,69.27,125.01K,5.07%
3/24/2023,69.41,69.67,70.53,67.02,153.65K,-1.01%
3/23/2023,70.12,70.07,71.79,69.3,166.52K,-1.27%
3/22/2023,71.02,69.57,71.43,69.03,148.11K,1.94%
3/21/2023,69.67,67.83,69.77,66.9,409.50K,2.73%
3/20/2023,67.82,66.9,67.9,64.36,418.54K,1.33%
3/17/2023,66.93,68.47,69.83,65.38,482.49K,-2.32%
3/16/2023,68.52,68.38,69.53,65.89,251.50K,1.15%
3/15/2023,67.74,71.69,72.71,65.79,356.42K,-5.25%
3/14/2023,71.49,74.77,75.02,70.94,216.69K,-4.57%
3/13/2023,74.91,76.77,77.56,72.44,167.40K,-2.44%
3/10/2023,76.78,75.78,77.2,74.92,143.19K,1.24%
3/9/2023,75.84,76.65,78.17,75.57,147.72K,-1.26%
3/8/2023,76.81,77.36,77.88,76.26,136.03K,-1.17%
3/7/2023,77.72,80.59,81.04,77.18,163.00K,-3.53%
3/6/2023,80.56,80.04,80.72,78.44,80.13K,0.97%
3/3/2023,79.79,78.02,80,76,99.09K,1.89%
3/2/2023,78.31,77.9,78.72,77.39,61.37K,0.62%
3/1/2023,77.83,76.93,78,76.3,104.50K,0.83%
2/28/2023,77.19,75.87,77.93,75.68,88.93K,1.82%
2/27/2023,75.81,76.61,76.95,75.14,79.74K,-0.86%
2/24/2023,76.47,75.85,76.75,74.3,101.33K,1.15%
2/23/2023,75.6,74.19,76.17,74.07,99.17K,1.90%
2/22/2023,74.19,76.29,76.72,74.05,98.82K,-2.84%
2/21/2023,76.36,76.64,77.74,75.9,402.35K,-1.22%
2/20/2023,77.3,76.69,77.74,76.33,,0.82%
2/19/2023,76.67,76.69,76.82,76.53,,0.16%
2/17/2023,76.55,78.35,78.5,75.32,343.63K,-2.78%
2/16/2023,78.74,78.68,79.76,78.18,204.09K,-0.11%
2/15/2023,78.83,79.04,79.37,77.47,150.59K,-0.52%
2/14/2023,79.24,79.5,79.84,77.71,192.27K,-1.36%
2/13/2023,80.33,80.05,80.78,78.67,155.59K,0.51%
2/10/2023,79.92,77.81,80.5,77.68,151.98K,2.11%
2/9/2023,78.27,78.69,79.04,76.76,132.72K,-0.53%
2/8/2023,78.69,77.7,78.78,77.32,155.18K,1.68%
2/7/2023,77.39,74.83,77.82,74.71,186.67K,3.92%
2/6/2023,74.47,73.64,74.87,72.64,120.92K,0.99%
2/3/2023,73.74,76.25,78.28,73.47,126.22K,-3.23%
2/2/2023,76.2,77.06,77.54,75.3,94.84K,-0.69%
2/1/2023,76.73,79.35,80.01,76.37,113.87K,-3.08%
1/31/2023,79.17,78.19,79.53,76.85,88.38K,1.27%
1/30/2023,78.18,80.12,80.78,77.96,101.70K,-2.23%
1/27/2023,79.96,81.44,82.69,79.32,123.92K,-1.62%
1/26/2023,81.28,80.44,82.38,80.21,98.18K,1.04%
1/25/2023,80.44,80.44,81.5,79.77,101.06K,0.00%
1/24/2023,80.44,81.94,82.51,79.98,93.04K,-1.82%
1/23/2023,81.93,82.12,82.89,81.32,104.29K,0.36%
1/20/2023,81.64,80.84,81.91,79.91,300.15K,1.28%
1/19/2023,80.61,79.43,81.49,78.45,321.13K,1.02%
1/18/2023,79.8,81.34,82.66,79.21,326.23K,-0.81%
1/17/2023,80.45,80.34,81.51,78.8,267.91K,1.78%
1/16/2023,79.04,79.78,79.92,78.8,,-0.93%
1/15/2023,79.78,80.17,80.19,79.78,,-0.41%
1/13/2023,80.11,78.58,80.37,78.23,189.32K,1.86%
1/12/2023,78.65,77.9,79.37,77.35,188.06K,1.25%
1/11/2023,77.68,75.06,78.06,74.56,179.83K,3.06%
1/10/2023,75.37,75.16,76.16,74.16,164.98K,0.60%
1/9/2023,74.92,73.87,76.97,73.79,154.20K,1.19%
1/6/2023,74.04,74.18,75.71,73.52,95.22K,0.16%
1/5/2023,73.92,73.51,75.15,72.74,112.45K,1.12%
1/4/2023,73.1,77.41,77.62,73.01,149.77K,-5.21%
1/3/2023,77.12,80.66,81.62,76.81,139.84K,-4.16%
1/2/2023,80.47,80.57,80.61,80.18,,0.02%
12/30/2022,80.45,78.75,80.81,77.85,72.81K,2.48%
12/29/2022,78.5,79.01,79.01,76.94,53.32K,-0.73%
12/28/2022,79.08,80.02,80.02,77.45,62.68K,-0.70%
12/27/2022,79.64,79.99,81.21,79.28,67.69K,-1.64%
12/26/2022,80.97,79.92,81.06,79.92,,1.67%
12/23/2022,79.64,78.14,80.19,77.87,79.46K,2.87%
12/22/2022,77.42,78.28,79.77,77.01,62.70K,-1.05%
12/21/2022,78.24,76,78.56,75.81,65.19K,2.64%
12/20/2022,76.23,75.77,76.96,74.46,254.79K,1.13%
12/19/2022,75.38,74.62,76.64,74.03,257.46K,1.24%
12/16/2022,74.46,76.33,76.58,73.4,271.86K,-2.22%
12/15/2022,76.15,77.4,77.83,75.41,188.50K,-1.50%
12/14/2022,77.31,75.22,77.76,74.96,185.52K,2.48%
12/13/2022,75.44,73.43,76.3,73.33,190.74K,2.95%
12/12/2022,73.28,72.02,74,70.48,148.97K,2.91%
12/9/2022,71.21,71.92,73,70.31,146.59K,-0.52%
12/8/2022,71.58,72.65,75.19,71.27,245.39K,-0.97%
12/7/2022,72.28,74.73,75.53,72.06,148.54K,-2.93%
12/6/2022,74.46,77.46,78.05,73.62,120.67K,-3.40%
12/5/2022,77.08,80.03,82.75,76.92,105.02K,-3.71%
12/2/2022,80.05,81.35,82.12,79.73,96.43K,-1.34%
12/1/2022,81.14,80.61,83.27,80.07,116.20K,0.60%
11/30/2022,80.66,78.98,81.41,78.48,90.29K,3.04%
11/29/2022,78.28,76.66,79.73,76.4,109.11K,1.23%
11/28/2022,77.33,76.19,77.89,73.77,132.62K,1.18%
11/25/2022,76.43,77.57,79.92,76.37,59.52K,-1.95%
11/24/2022,77.95,77.53,78.19,76.92,,-0.15%
11/23/2022,78.07,80.86,81.7,76.95,120.39K,-3.29%
11/22/2022,80.73,80.14,82.03,79.74,85.20K,0.86%
11/21/2022,80.04,80.26,80.5,75.27,475.10K,-0.09%
11/18/2022,80.11,81.86,82.43,77.59,480.54K,-1.58%
11/17/2022,81.4,84.98,84.98,81.19,390.06K,-4.24%
11/16/2022,85,86.23,86.9,83.67,191.29K,-1.45%
11/15/2022,86.25,84.62,88.05,83.54,239.60K,1.28%
11/14/2022,85.16,88.24,89.03,84.51,183.53K,-3.40%
11/11/2022,88.16,85.4,89.2,85.36,154.79K,2.92%
11/10/2022,85.66,84.96,86.49,83.9,160.49K,0.78%
11/9/2022,85,87.73,88.26,84.69,200.28K,-3.41%
11/8/2022,88,90.82,91.1,87.63,162.91K,-3.01%
11/7/2022,90.73,90.5,92.53,89.31,143.34K,-0.79%
11/4/2022,91.45,86.92,91.67,86.84,104.87K,4.90%
11/3/2022,87.18,88.32,88.53,86.55,80.43K,-1.89%
11/2/2022,88.86,87.42,89.14,86.6,86.74K,1.92%
11/1/2022,87.19,85.2,88.27,84.85,81.92K,2.10%
10/31/2022,85.4,87.06,87.36,84.16,81.40K,-1.40%
10/28/2022,86.61,87.41,87.51,85.86,78.71K,-1.39%
10/27/2022,87.83,87.06,88.45,86.12,110.53K,1.33%
10/26/2022,86.68,84.03,87.17,83.17,80.03K,2.81%
10/25/2022,84.31,83.93,85,82.14,77.80K,0.86%
10/24/2022,83.59,84.05,84.8,81.61,58.38K,-0.43%
10/21/2022,83.95,83.78,84.64,82.05,83.09K,-0.66%
10/20/2022,84.51,84.91,87.14,84.16,338.34K,-0.01%
10/19/2022,84.52,82.91,85.02,81.72,357.72K,2.99%
10/18/2022,82.07,84.8,85.53,81.3,367.50K,-2.91%
10/17/2022,84.53,84.63,86.18,83.7,174.19K,-0.14%
10/14/2022,84.65,88.15,88.52,84.22,161.13K,-3.75%
10/13/2022,87.95,86.01,88.38,84.43,185.66K,2.20%
10/12/2022,86.06,87.25,88.66,85.05,211.34K,-2.17%
10/11/2022,87.97,89.75,90.15,86.59,187.52K,-2.08%
10/10/2022,89.84,92.23,92.34,89.29,156.09K,-1.65%
10/7/2022,91.35,88.12,92,87.15,242.27K,4.29%
10/6/2022,87.59,87.12,88.2,86.15,108.49K,0.86%
10/5/2022,86.84,85.3,87.42,84.53,160.03K,1.57%
10/4/2022,85.5,82.57,85.98,82.33,156.00K,3.39%
10/3/2022,82.7,80.29,83.61,80.19,135.99K,5.06%
9/30/2022,78.72,80.86,81.72,78.36,95.34K,-2.11%
9/29/2022,80.42,81,81.99,79.45,127.46K,-1.01%
9/28/2022,81.24,77.38,81.4,75.84,156.31K,4.41%
9/27/2022,77.81,75.9,78.92,75.88,123.82K,2.14%
9/26/2022,76.18,78.75,79.76,75.7,106.23K,-2.65%
9/23/2022,78.25,83.15,83.45,77.64,143.23K,-5.76%
9/22/2022,83.03,82.54,85.44,81.89,121.08K,0.73%
9/21/2022,82.43,83.6,85.99,82,144.13K,-1.80%
9/20/2022,83.94,85.02,86.12,83.01,279.81K,-1.66%
9/19/2022,85.36,84.81,85.88,81.73,262.90K,0.71%
9/16/2022,84.76,84.66,86.18,83.86,231.14K,0.13%
9/15/2022,84.65,88.7,88.7,84.09,182.29K,-3.86%
9/14/2022,88.05,87.24,89.63,85.75,208.02K,1.34%
9/13/2022,86.89,87.82,88.9,84.66,183.48K,-0.59%
9/12/2022,87.41,85.84,88.64,84.78,133.78K,1.22%
9/9/2022,86.36,82.3,86.68,82.23,139.12K,3.96%
9/8/2022,83.07,81.57,83.72,80.89,131.42K,1.76%
9/7/2022,81.63,86.53,87.33,81.18,123.25K,-5.64%
9/6/2022,86.51,86.49,89.99,85.88,104.66K,-2.75%
9/5/2022,88.96,88.27,90.37,87.98,,0.80%
9/4/2022,88.25,86.91,88.28,86.91,,2.05%
9/2/2022,86.48,85.99,89.15,85.93,81.80K,0.30%
9/1/2022,86.22,88.31,89.1,85.62,85.18K,-3.16%
8/31/2022,89.03,91.85,92.26,87.92,99.45K,-2.35%
8/30/2022,91.17,95.8,96.82,90.06,120.37K,-5.22%
8/29/2022,96.19,92.28,96.46,91.66,85.04K,4.11%
8/26/2022,92.39,92.68,93.62,90.69,100.62K,0.22%
8/25/2022,92.19,94.82,95.3,91.95,81.50K,-2.34%
8/24/2022,94.4,93.23,94.92,92.36,92.60K,1.23%
8/23/2022,93.25,90.1,93.65,90.1,92.18K,3.20%
8/22/2022,90.36,89.63,91.03,86.28,352.67K,-0.09%
8/19/2022,90.44,90,91.69,87.95,255.42K,0.37%
8/18/2022,90.11,87.1,91.03,86.92,247.56K,2.76%
8/17/2022,87.69,86.71,88.66,85.48,187.60K,1.78%
8/16/2022,86.16,87.39,90.07,85.37,191.53K,-3.03%
8/15/2022,88.85,91.3,91.47,86.29,134.21K,-2.85%
8/12/2022,91.46,93.33,94.02,90.53,132.28K,-2.21%
8/11/2022,93.53,90.82,94.17,90.57,162.98K,2.55%
8/10/2022,91.2,89.71,91.63,87.04,157.22K,1.71%
8/9/2022,89.67,89.87,91.8,88.29,130.89K,-0.29%
8/8/2022,89.93,87.52,90.06,86.33,130.08K,2.10%
8/5/2022,88.08,87.04,89.72,86.06,134.18K,0.59%
8/4/2022,87.56,89.99,90.88,86.62,107.06K,-2.43%
8/3/2022,89.74,92.69,95.33,89.47,141.60K,-3.73%
8/2/2022,93.22,92.2,95.09,91.11,133.90K,0.90%
8/1/2022,92.39,96.44,96.68,90.96,144.82K,-4.51%
7/29/2022,96.75,95.42,99.75,94.59,116.64K,2.22%
7/28/2022,94.65,96.09,97.82,94.28,96.14K,-0.67%
7/27/2022,95.29,93.51,96.53,92.3,105.40K,2.59%
7/26/2022,92.88,93.95,96.6,92.64,89.07K,-1.63%
7/25/2022,94.42,92.83,94.62,90.79,92.70K,2.15%
7/22/2022,92.43,93.78,95.24,91.77,106.60K,-1.44%
7/21/2022,93.78,96.88,96.93,91.84,106.70K,-6.11%
7/20/2022,99.88,100.34,100.72,98.16,315.62K,-0.85%
7/19/2022,100.74,98.86,100.99,96.52,327.21K,1.33%
7/18/2022,99.42,94.34,99.62,92.88,291.70K,5.13%
7/15/2022,94.57,93.51,96.05,91.64,189.25K,1.87%
7/14/2022,92.83,94.14,94.49,88.23,255.52K,-1.07%
7/13/2022,93.83,93.3,95.34,91.14,187.17K,0.56%
7/12/2022,93.31,100.57,100.57,92.83,191.25K,-7.81%
7/11/2022,101.21,101.33,102,97.94,142.49K,-0.32%
7/8/2022,101.53,98.92,101.97,98.4,124.09K,2.30%
7/7/2022,99.25,94.62,100.78,93,144.92K,4.50%
7/6/2022,94.98,97.44,99.11,92.18,166.60K,-1.60%
7/5/2022,96.52,105.6,108.28,94.62,199.37K,-12.57%
7/4/2022,110.4,108.17,110.77,107.25,,2.04%
7/3/2022,108.19,108.67,108.81,108.14,,2.66%
7/1/2022,105.39,103.33,106.26,101.94,99.69K,2.22%
6/30/2022,103.1,106.67,107.76,102.68,156.01K,-3.65%
6/29/2022,107.01,109,111.14,106.45,101.28K,-1.73%
6/28/2022,108.89,107,109.31,106.59,107.61K,2.36%
6/27/2022,106.38,104.37,107.28,102.48,90.13K,1.85%
6/24/2022,104.45,101.31,105.44,100.84,116.65K,2.83%
6/23/2022,101.58,102.53,104.62,100.24,120.06K,-2.32%
6/22/2022,103.99,107.33,107.56,99.66,141.20K,-5.05%
6/21/2022,109.52,108.75,111.16,106.82,427.26K,0.62%
6/20/2022,108.84,108.97,109.17,106.84,,-0.09%
6/19/2022,108.94,108.97,109.34,108.78,,0.88%
6/17/2022,107.99,114.74,116.58,106.4,426.00K,-6.30%
6/16/2022,115.25,114.09,115.73,110.43,291.85K,1.91%
6/15/2022,113.09,116.41,116.93,112.37,198.93K,-2.73%
6/14/2022,116.26,118.45,120.88,114.2,203.95K,-1.68%
6/13/2022,118.25,117.71,119.57,114.9,150.05K,0.11%
6/10/2022,118.12,119.07,120.15,115.84,133.85K,-0.81%
6/9/2022,119.09,120.11,120.4,118.52,122.09K,-0.58%
6/8/2022,119.78,117.7,120.75,117.02,131.93K,2.29%
6/7/2022,117.1,116.66,118,115.04,140.80K,0.90%
6/6/2022,116.06,118.17,118.28,115.15,77.61K,-0.15%
6/3/2022,116.23,114.9,117.77,112.73,74.48K,1.69%
6/2/2022,114.3,112.27,115.1,108.94,114.86K,1.40%
6/1/2022,112.72,112.74,115,111.86,91.07K,0.72%
5/31/2022,111.91,112.1,117.07,111.5,113.51K,-4.85%
5/30/2022,117.61,115.58,117.79,115.39,,1.73%
5/29/2022,115.61,115.3,115.81,115.2,,3.01%
5/27/2022,112.23,111.25,112.42,110.06,57.72K,0.88%
5/26/2022,111.25,108.05,111.88,107.6,78.22K,3.25%
5/25/2022,107.75,107.68,108.97,106.71,56.92K,0.51%
5/24/2022,107.2,107.68,108.76,105.94,65.22K,-0.32%
5/23/2022,107.54,107.34,108.76,106.32,70.51K,-2.48%
5/20/2022,110.28,109.26,111.04,108.13,229.93K,0.35%
5/19/2022,109.89,106.96,110.16,103.24,340.08K,2.66%
5/18/2022,107.04,110.77,112.39,106.06,311.84K,-2.36%
5/17/2022,109.63,111.61,113.2,108.96,204.75K,-1.96%
5/16/2022,111.82,109,112.47,106.27,166.04K,2.94%
5/13/2022,108.63,104.91,108.77,104.64,134.31K,4.05%
5/12/2022,104.4,103.94,105.55,101.11,179.61K,0.36%
5/11/2022,104.03,97.74,104.74,96.93,179.72K,5.67%
5/10/2022,98.45,100.96,102.78,97.61,156.44K,-3.26%
5/9/2022,101.77,108.97,109,100.81,148.44K,-6.06%
5/6/2022,108.33,107.07,109.53,105.72,119.33K,1.49%
5/5/2022,106.74,106.07,109.77,104.95,97.44K,0.49%
5/4/2022,106.22,101.99,107,101.41,92.05K,5.27%
5/3/2022,100.9,103.19,104.06,100.58,97.51K,-2.44%
5/2/2022,103.42,102.15,104.19,98.87,89.43K,0.47%
4/29/2022,102.94,103.12,105.99,102.14,98.35K,-0.51%
4/28/2022,103.47,100.59,103.77,98.75,104.93K,2.77%
4/27/2022,100.68,100.76,101.68,98.65,76.99K,0.27%
4/26/2022,100.41,97.77,101.5,96.37,100.12K,2.81%
4/25/2022,97.67,100.38,100.48,94.47,87.65K,-3.34%
4/22/2022,101.05,102.01,103.34,100.08,60.24K,-1.86%
4/21/2022,102.96,101.66,104.47,101.25,74.66K,0.75%
4/20/2022,102.19,102.38,103.96,99.88,299.03K,0.14%
4/19/2022,102.05,107.06,108.37,101.51,339.81K,-5.17%
4/18/2022,107.61,106.46,109.2,105.43,202.72K,1.16%
4/14/2022,106.38,103.79,107,101.69,159.77K,2.50%
4/13/2022,103.79,100.35,104,99.51,186.11K,3.63%
4/12/2022,100.15,94.84,100.82,94.52,168.89K,6.63%
4/11/2022,93.92,97.84,97.95,92.6,156.57K,-3.90%
4/8/2022,97.73,96.31,98.12,94.72,135.35K,2.32%
4/7/2022,95.51,96.29,97.95,93.21,168.76K,0.10%
4/6/2022,95.41,99.95,102.63,94.93,159.99K,-5.23%
4/5/2022,100.68,102.16,104.07,98.63,107.31K,-1.14%
4/4/2022,101.84,97.68,102.44,96.83,123.55K,4.02%
4/1/2022,97.9,99.77,100,96.22,132.55K,-0.63%
3/31/2022,98.52,105.3,105.64,97.88,185.64K,-6.78%
3/30/2022,105.68,103.04,106.44,102.41,83.36K,3.56%
3/29/2022,102.05,101.29,105.45,96.52,119.63K,-1.32%
3/28/2022,103.42,110.22,110.22,100.43,125.75K,-6.88%
3/25/2022,111.06,108.29,111.26,105.86,103.66K,1.49%
3/24/2022,109.43,111.41,113.51,107.79,106.02K,-2.29%
3/23/2022,111.99,105.84,112.34,105.69,120.34K,2.49%
3/22/2022,109.27,110.91,113.35,107.1,318.63K,-0.64%
3/21/2022,109.97,103.62,111.08,102.47,279.31K,6.67%
3/18/2022,103.09,102.23,104.67,100.96,207.44K,1.42%
3/17/2022,101.65,94.08,102.69,93.41,221.54K,8.61%
3/16/2022,93.59,93.7,97.93,92.68,163.42K,-1.27%
3/15/2022,94.79,100.55,100.92,92.2,205.70K,-6.32%
3/14/2022,101.18,106.64,106.65,97.89,162.18K,-4.82%
3/11/2022,106.3,103,107.17,101.27,166.35K,3.21%
3/10/2022,102.99,106.59,110.91,102.38,203.84K,-1.96%
3/9/2022,105.05,120.66,122.73,99.55,249.98K,-12.20%
3/8/2022,119.65,116.98,124.98,113.66,200.16K,3.32%
3/7/2022,115.8,116.03,126.42,111.87,202.56K,3.29%
3/4/2022,112.11,105.04,112.54,104.36,167.99K,7.17%
3/3/2022,104.61,107.27,112.65,103.14,190.66K,-2.29%
3/2/2022,107.06,103.43,108.91,101.86,219.17K,6.84%
3/1/2022,100.21,93.88,103.06,93.21,285.55K,7.18%
2/28/2022,93.5,92.97,96.92,92.42,176.43K,4.02%
2/25/2022,89.89,91.48,93.73,88.49,160.46K,-1.15%
2/24/2022,90.94,91.08,98.44,89.65,289.12K,0.28%
2/23/2022,90.69,90.31,92.36,89.34,150.13K,-1.33%
2/22/2022,91.91,91.32,94.95,89.06,789.04K,-0.80%
2/21/2022,92.65,91.62,93.91,89.08,,1.12%
2/20/2022,91.62,91.22,91.74,91.08,,1.56%
2/18/2022,90.21,90.06,91.07,87.46,566.36K,0.19%
2/17/2022,90.04,89.25,91.51,88.83,442.04K,-1.95%
2/16/2022,91.83,90.31,93.07,88.2,351.33K,1.80%
2/15/2022,90.21,92.84,93.16,88.94,258.03K,-3.52%
2/14/2022,93.5,92.06,93.83,90.45,213.15K,2.28%
2/11/2022,91.42,88.56,92.74,87.79,310.81K,3.23%
2/10/2022,88.56,88.84,90.26,87.87,255.08K,0.03%
2/9/2022,88.53,88.4,89.17,87.15,255.17K,0.72%
2/8/2022,87.9,89.98,90.07,87.07,188.54K,-2.08%
2/7/2022,89.77,89.88,90.97,89.08,247.67K,-0.62%
2/4/2022,90.33,88.33,90.98,88.18,175.47K,2.13%
2/3/2022,88.45,86.4,88.59,85.24,220.87K,2.03%
2/2/2022,86.69,86.64,87.93,85.56,189.90K,0.27%
2/1/2022,86.46,86.45,87.12,84.92,151.60K,-0.03%
1/31/2022,86.49,85.92,86.68,84.96,144.70K,1.24%
1/28/2022,85.43,86,87.36,85.06,144.85K,0.16%
1/27/2022,85.29,85.71,87.08,84.9,153.94K,-0.78%
1/26/2022,85.96,84.1,86.51,83.84,175.93K,1.88%
1/25/2022,84.37,83.32,84.54,82.14,223.59K,2.38%
1/24/2022,82.41,83.84,85.1,81.06,153.83K,-2.06%
1/21/2022,84.14,83.65,84.53,81.96,159.57K,-1.65%
1/20/2022,85.55,85.06,87.1,84.2,532.20K,-0.29%
1/19/2022,85.8,85.89,86.79,84.99,511.05K,1.14%
1/18/2022,84.83,83.77,85.98,82.93,494.00K,1.36%
1/17/2022,83.69,83.84,83.95,82.94,,-0.17%
1/16/2022,83.83,83.78,84.09,83.68,,0.64%
1/14/2022,83.3,81.21,83.79,81.1,323.11K,2.06%
1/13/2022,81.62,82.12,82.29,80.91,289.31K,-0.49%
1/12/2022,82.02,80.71,82.41,80.55,303.16K,1.67%
1/11/2022,80.67,77.87,80.95,77.83,270.56K,3.82%
1/10/2022,77.7,78.51,78.92,77.34,210.84K,-0.94%
1/7/2022,78.44,79,79.82,78.07,229.28K,-0.56%
1/6/2022,78.88,76.79,79.56,76.28,244.00K,1.82%
1/5/2022,77.47,76.88,78.16,76.25,197.97K,0.95%
1/4/2022,76.74,75.8,77.4,75.47,156.45K,1.17%
1/3/2022,75.85,75.53,76.18,74.01,112.23K,1.30%
